{
  "lang":"en",
  "name":"pipeline",
  "version":"0.0.0",
  "spacy_version":">=3.7.2,<3.8.0",
  "description":"",
  "author":"",
  "email":"",
  "url":"",
  "license":"",
  "spacy_git_version":"a89eae928",
  "vectors":{
    "width":300,
    "vectors":20000,
    "keys":514157,
    "name":"en_vectors",
    "mode":"default"
  },
  "labels":{
    "tok2vec":[

    ],
    "ner":[
      "DEGREE",
      "PROG_LANG",
      "ROLE",
      "SOFT_SKILL",
      "TECH_SKILL"
    ]
  },
  "pipeline":[
    "tok2vec",
    "ner"
  ],
  "components":[
    "tok2vec",
    "ner"
  ],
  "disabled":[

  ],
  "performance":{
    "ents_f":0.6255845942,
    "ents_p":0.7265175719,
    "ents_r":0.5492753623,
    "ents_per_type":{
      "ROLE":{
        "p":0.7162162162,
        "r":0.5520833333,
        "f":0.6235294118
      },
      "SOFT_SKILL":{
        "p":0.6477732794,
        "r":0.64,
        "f":0.6438631791
      },
      "TECH_SKILL":{
        "p":0.6703910615,
        "r":0.4854368932,
        "f":0.563115908
      },
      "DEGREE":{
        "p":0.9826086957,
        "r":0.6766467066,
        "f":0.8014184397
      },
      "PROG_LANG":{
        "p":0.9017094017,
        "r":0.9017094017,
        "f":0.9017094017
      },
      "OTHER":{
        "p":0.0,
        "r":0.0,
        "f":0.0
      }
    },
    "tok2vec_loss":752.0466642909,
    "ner_loss":108.4022128637
  }
}