{
  "lang":"en",
  "name":"pipeline",
  "version":"0.0.0",
  "spacy_version":">=3.7.2,<3.8.0",
  "description":"",
  "author":"",
  "email":"",
  "url":"",
  "license":"",
  "spacy_git_version":"a89eae928",
  "vectors":{
    "width":300,
    "vectors":20000,
    "keys":514157,
    "name":"en_vectors",
    "mode":"default"
  },
  "labels":{
    "tok2vec":[

    ],
    "ner":[
      "DEGREE",
      "PROG_LANG",
      "ROLE",
      "SOFT_SKILL",
      "TECH_SKILL"
    ]
  },
  "pipeline":[
    "tok2vec",
    "ner"
  ],
  "components":[
    "tok2vec",
    "ner"
  ],
  "disabled":[

  ],
  "performance":{
    "ents_f":0.6273753787,
    "ents_p":0.7296604741,
    "ents_r":0.5502415459,
    "ents_per_type":{
      "ROLE":{
        "p":0.7179487179,
        "r":0.5833333333,
        "f":0.6436781609
      },
      "SOFT_SKILL":{
        "p":0.6477732794,
        "r":0.64,
        "f":0.6438631791
      },
      "TECH_SKILL":{
        "p":0.6760722348,
        "r":0.4846278317,
        "f":0.5645617342
      },
      "DEGREE":{
        "p":0.974137931,
        "r":0.6766467066,
        "f":0.7985865724
      },
      "PROG_LANG":{
        "p":0.9017094017,
        "r":0.9017094017,
        "f":0.9017094017
      },
      "OTHER":{
        "p":0.0,
        "r":0.0,
        "f":0.0
      }
    },
    "tok2vec_loss":381.1049704981,
    "ner_loss":54.3679110804
  }
}